{"loss":4.984814643859863,"_wandb":{"runtime":31},"_runtime":31.531992457,"epoch":1,"_timestamp":1.7627344569173548e+09,"_step":12960000}