{"epoch":1,"_timestamp":1.7627345174811327e+09,"_step":8640000,"_wandb":{"runtime":23},"_runtime":23.875598519,"loss":4.853617191314697}