{"loss":3.471818447113037,"epoch":1,"_timestamp":1.7627345873123722e+09,"_step":24640000,"_wandb":{"runtime":59},"_runtime":59.595481501}