{"epoch":1,"_timestamp":1.7627346630475848e+09,"_step":27680000,"_wandb":{"runtime":66},"_runtime":66.892620505,"loss":3.4491217136383057}