{"_wandb":{"runtime":42},"_runtime":42.175914351,"loss":3.6423003673553467,"epoch":1,"_timestamp":1.762734577592924e+09,"_step":16640000}